id;href;name;lifecycle_status;schema_location;type
c742eafa-60cc-4eea-98cd-beda6ae1f107;Multi-tiered Small bandwidth;firewall Islands;Pre-emptive content-based;navigating;web-readiness virtual Program
5feabe35-aa59-4169-a471-860cd1d1cdca;Forward lime;backing;global;Re-contextualized Towels;Delaware Chair
70362c33-b7fb-4afd-9c3d-4cc50b1dadd4;Analyst;Streets connect Steel;withdrawal;turquoise content-based;compress challenge
4d551569-48a0-49f5-8c16-cab09a92cad0;hard Coordinator Stravenue;Granite intelligence;content-based Lucia Electronics;Concrete intangible;online Baby
cf5739ae-17a7-4e5d-bb6e-29f939cf828b;and Account withdrawal;Kids;blockchains hub;Chicken THX online;Dirham Cambridgeshire ROI
0c305d2e-bf96-4022-b449-b4f3fae247f0;Facilitator generating navigating;Re-engineered Hat revolutionize;African Shirt;markets Corporate reboot;Pre-emptive synthesize Extensions
8b1dd109-e676-49cd-bd6d-1c3006a9384b;back-end;Director program program;Compatible Track Cambridgeshire;Home connect;Universal
dcf23781-ee93-4358-a32a-1eabb3c1a185;Sleek South Licensed;services communities;auxiliary;Technician Soft;function Account Shoes
92689071-9fbe-4663-9bc2-b1f3cbb37805;clear-thinking Computer;service-desk;Fundamental 24/365;Borders navigating;knowledge
dd1afdd2-9dc6-4316-a34e-4877b0167dc9;Metal;hardware payment cyan;Organic primary;port;protocol Concrete invoice
