id;correlation_id;description;domain;event_id;event_time;event_type;href;priority;time_occurred;title
b0f4ad5c-7a23-475f-aeda-87da3d18c2d9;array Mouse high-level;Estonia monetize;Bedfordshire strategic;Paradigm Human;2022-10-31T15:09:18;Indiana Sports Bedfordshire;Frozen maximize Metal;quantify discrete Gorgeous;2022-10-30T17:06:50;Paradigm Prairie Card
84058111-b799-4832-a333-f89ac04e1532;AI;PCI Cuban Fresh;Table Kids;virtual facilitate;2022-10-31T01:14:37;overriding uniform;Movies;Berkshire;2022-10-31T12:13:44;Music Hill
7afb429a-0c16-4049-ae49-3e89fd3db290;Account vertical;invoice Brazilian Solomon;purple optical;Sleek Electronics;2022-10-31T07:02:14;incentivize;Cambridgeshire Savings indigo;cyan;2022-10-30T22:04:02;Officer Investor Dominica
9471a34b-2b00-4f50-84ad-0714f7903c51;Industrial;full-range Generic;Arabia Trafficway;Music Object-based Moldovan;2022-10-31T00:21:27;invoice Refined Configuration;brand;efficient;2022-10-30T18:02:48;project Stand-alone Berkshire
2726f5ee-771a-47b1-bae9-2a6e8211afae;visionary;Intelligent metrics;Industrial;network IB Concrete;2022-10-31T03:10:05;quantifying;Assurance;Fall empower Infrastructure;2022-10-30T18:25:57;Group user-centric
37e6445c-eec3-41bc-b906-f371035581cd;models;initiatives Executive;sky;e-enable;2022-10-31T13:13:11;Montana;Bedfordshire Money Producer;Keyboard;2022-10-30T19:08:02;Outdoors Engineer
314083ae-ae7a-4b48-92a5-4acf6b92d675;context-sensitive;overriding Dollar mission-critical;Public-key Awesome Soap;generate attitude;2022-10-30T18:26:25;Generic Cotton;array;Unbranded;2022-10-31T15:42:30;Chief revolutionary Home
1b6baabd-41b5-4e5c-83c6-778ba00cefae;Plaza;ADP Frozen;EXE SSL bluetooth;Account Garden Future;2022-10-31T03:50:24;Account;B2B Minnesota Salad;e-services Connecticut Jewelery;2022-10-31T05:28:26;AI interactive
d1254870-c863-48eb-a6e6-33c102726324;Mobility area;blue;Automotive;Naira Somali;2022-10-30T16:24:05;Legacy Representative;user-centric Rustic Bedfordshire;synthesizing input JBOD;2022-10-31T11:54:44;HDD withdrawal moratorium
6623ee99-1a92-4e51-a379-0cc2f4ef4f9e;Data architect;Berkshire indigo Algerian;Dynamic UAE Operative;override eco-centric;2022-10-30T23:16:46;Savings strategic;XML cutting-edge;Soft;2022-10-31T02:29:35;Soft Chair SMTP
