id;attachment_type;content;description;href;mime_type;name;size_of_bytes;url;valid_for_from;valid_for_to;value_type;schema_location;type
3ebf1dab-02bc-4b7a-813d-edcb606db22d;Dynamic Uganda Engineer;deposit copy;User-friendly Inlet tertiary;SCSI;Producer SMTP;Health;43671;http://lola.info;2022-10-29T04:34:49;2022-10-29T10:22:48;Electronics;USB;Pants
9465e1b6-e9df-4b29-aefd-892b0d290332;Optional Cheese Legacy;up calculating;Fresh Pants;Kyat;optical;AI French;96488;http://terrance.net;2022-10-29T04:25:16;2022-10-29T00:29:39;synergies;open-source Key definition;Cedi Orchestrator
edb802cb-e9a6-46b6-8c9c-d8ac0cf896e3;Guinea;Djibouti;withdrawal Sausages for;Peru bluetooth;Incredible;demand-driven Dinar maroon;22197;http://harley.com;2022-10-29T19:24:51;2022-10-29T04:44:20;Concrete Hryvnia;Taiwan;indexing Awesome override
5804e4a9-3c16-4d6b-a191-5e55b16fe754;Multi-lateral Accounts dot-com;Borders;Peso;1080p tan Salad;Principal Direct Cambridgeshire;transparent;84950;http://mallie.com;2022-10-28T22:27:00;2022-10-29T16:21:01;success;B2C;intelligence panel
2a6e3149-6e32-45c9-ac09-43feadd04d60;forecast Indonesia white;overriding withdrawal morph;Canyon salmon systems;sky calculate Kids;violet Human;embrace;68787;https://monserrate.com;2022-10-29T10:18:58;2022-10-29T12:55:26;Colon XML;Dynamic up;neural Oregon
f0e279d7-fbf7-42f9-812d-843f108885e4;Berkshire Light architect;California Senior Electronics;payment exploit;interactive matrix;gold web-enabled impactful;Denmark Granite;64643;http://isabell.net;2022-10-29T16:37:49;2022-10-28T23:52:40;Concrete Kentucky;Fantastic;budgetary Eritrea SMTP
c5ac31be-dc2b-448d-bde5-43dd68eb1bf1;SQL;value-added Ergonomic Senior;Customer-focused Soft;tan BCEAO unleash;Soft;deposit Direct Savings;76178;http://jayden.net;2022-10-29T14:42:44;2022-10-29T06:32:29;synthesizing Mauritania;GB Generic;Car
10b0bc13-4db3-4855-ad57-817e5ae3284c;ADP;Hawaii Ameliorated;Soft;orchid;Steel;Plastic Shoes;31109;https://verla.name;2022-10-29T17:33:18;2022-10-29T17:50:42;optical;ADP;Steel
7f40c17e-4404-4e5e-8c60-b543720461bf;optical;Kids;Sports services navigate;application Colon;product Bedfordshire Clothing;matrix Plastic withdrawal;48997;https://lincoln.name;2022-10-29T13:42:47;2022-10-29T18:49:05;withdrawal Causeway;deposit Electronics;Electronics invoice reboot
e435e70c-4213-45b6-be40-b0e26ec3bd19;Unbranded Guilder;Kyat;deposit copying;paradigms Lodge;bricks-and-clicks benchmark multi-state;intermediate;12362;http://flavie.com;2022-10-28T23:17:32;2022-10-29T07:39:36;Fiji AI;XSS Texas Rustic;invoice Mouse
