id;href;name;version;schema_location;type
84746ff9-8bb4-44d9-9c82-47086e04ae2e;navigating Kentucky improvement;Loan;Cambridgeshire Cambridgeshire;dedicated Cotton;Frozen teal Distributed
7fb62476-2bd4-490c-88da-5efa3cdfa70e;EXE Rial virtual;Hat;Codes Trinidad;Somalia 5th;Regional didactic Salad
1cb9c165-9d74-4fdb-ae4c-a2db4d45d5ac;generate Handcrafted;help-desk;Bedfordshire;pink;one-to-one
061f4985-53da-4f7b-9f79-71148941662b;Profound;Buckinghamshire Account;seamless strategize HDD;Soft;UIC-Franc
2a1d5ace-0b1b-4942-ad26-5107dadae38a;Beauty Infrastructure;Ohio;panel sexy Cambridgeshire;Manager;one-to-one
093985ad-4f8d-4bc8-9584-4618284cad18;orange invoice;syndicate loyalty;withdrawal Denmark Investor;AI;integrated 1080p neural
362e9d3b-9bc3-4ff3-b5d2-6fc7629482b9;Clothing deposit;rich global Books;implementation Account tan;Dollar;transmit
12d005ec-9f5c-42b5-8fce-683571b16d88;group Senior frame;Factors methodology hack;green Computers envisioneer;whiteboard;Dobra invoice Loti
58e7ea46-4bbf-47e0-a969-586ad9570be0;Hat Multi-layered back-end;Lead;quantifying Rubber;Functionality;European Markets Shoals
e45057fb-d491-419e-ad6a-79ba46daf93e;Lodge Executive;Isle;Cotton;Overpass end-to-end paradigm;Fresh silver Sausages
